{
    "eval_loss": 1.015082836151123,
    "eval_wer": 61.811023622047244,
    "eval_avg_precision_Exact": 0.49305580535527055,
    "eval_avg_recall_Exact": 0.4932712533026013,
    "eval_avg_f1_Exact": 0.49279243354847346,
    "eval_avg_precision_Letter_Shift": 0.4963025586020238,
    "eval_avg_recall_Letter_Shift": 0.4964060495408457,
    "eval_avg_f1_Letter_Shift": 0.49598222621195037,
    "eval_avg_precision_Word_Level": 0.5137405627001068,
    "eval_avg_recall_Word_Level": 0.5019255300603264,
    "eval_avg_f1_Word_Level": 0.5073072310311691,
    "eval_avg_precision_Word_Shift": 0.6237927402365905,
    "eval_avg_recall_Word_Shift": 0.613736202842786,
    "eval_avg_f1_Word_Shift": 0.6182032164583927,
    "eval_precision_median_exact": 0.5294117647058824,
    "eval_recall_median_exact": 0.5416666666666666,
    "eval_f1_median_exact": 0.5142857142857143,
    "eval_precision_max_exact": 0.7142857142857143,
    "eval_recall_max_exact": 0.6818181818181818,
    "eval_f1_max_exact": 0.6976744186046512,
    "eval_precision_min_Exact": 0.05,
    "eval_recall_min_Exact": 0.05,
    "eval_f1_min_Exact": 0.05000000000000001,
    "eval_precision_min_Letter_Shift": 0.05,
    "eval_recall_min_Letter_Shift": 0.05,
    "eval_f1_min_Letter_Shift": 0.05000000000000001,
    "eval_precision_min_Word_Level": 0.05,
    "eval_recall_min_Word_Level": 0.05,
    "eval_f1_min_Word_Level": 0.05000000000000001,
    "eval_precision_min_Word_Shift": 0.3,
    "eval_recall_min_Word_Shift": 0.3,
    "eval_f1_min_Word_Shift": 0.3,
    "eval_runtime": 15.8658,
    "eval_samples_per_second": 0.693,
    "eval_steps_per_second": 0.063
}