{
    "eval_loss": 1.3984376192092896,
    "eval_wer": 58.56164383561644,
    "eval_avg_precision_Exact": 0.4538070897996139,
    "eval_avg_recall_Exact": 0.6153442532699498,
    "eval_avg_f1_Exact": 0.5174549106105395,
    "eval_avg_precision_Letter_Shift": 0.4594033453958695,
    "eval_avg_recall_Letter_Shift": 0.6242005285735936,
    "eval_avg_f1_Letter_Shift": 0.524306050564104,
    "eval_avg_precision_Word_Level": 0.47627989136940546,
    "eval_avg_recall_Word_Level": 0.6353506701416918,
    "eval_avg_f1_Word_Level": 0.5397393964038011,
    "eval_avg_precision_Word_Shift": 0.5101001366730267,
    "eval_avg_recall_Word_Shift": 0.6790178421906213,
    "eval_avg_f1_Word_Shift": 0.5770924743920102,
    "eval_precision_median_exact": 0.4642857142857143,
    "eval_recall_median_exact": 0.7,
    "eval_f1_median_exact": 0.5581395348837209,
    "eval_precision_max_exact": 0.6363636363636364,
    "eval_recall_max_exact": 0.7777777777777778,
    "eval_f1_max_exact": 0.6829268292682927,
    "eval_precision_min_Exact": 0.0,
    "eval_recall_min_Exact": 0.0,
    "eval_f1_min_Exact": 0.0,
    "eval_precision_min_Letter_Shift": 0.0,
    "eval_recall_min_Letter_Shift": 0.0,
    "eval_f1_min_Letter_Shift": 0.0,
    "eval_precision_min_Word_Level": 0.0,
    "eval_recall_min_Word_Level": 0.0,
    "eval_f1_min_Word_Level": 0.0,
    "eval_precision_min_Word_Shift": 0.06666666666666667,
    "eval_recall_min_Word_Shift": 0.07692307692307693,
    "eval_f1_min_Word_Shift": 0.07142857142857144,
    "eval_runtime": 12.124,
    "eval_samples_per_second": 1.072,
    "eval_steps_per_second": 0.082
}