{
    "eval_loss": 4.872017860412598,
    "eval_wer": 65.41095890410958,
    "eval_avg_precision_Exact": 0.30369504731102215,
    "eval_avg_recall_Exact": 0.34866488688470115,
    "eval_avg_f1_Exact": 0.32301354313357256,
    "eval_avg_precision_Letter_Shift": 0.3126357845126289,
    "eval_avg_recall_Letter_Shift": 0.359286896454079,
    "eval_avg_f1_Letter_Shift": 0.33267958577746587,
    "eval_avg_precision_Word_Level": 0.3279564015890989,
    "eval_avg_recall_Word_Level": 0.3662799034470861,
    "eval_avg_f1_Word_Level": 0.34449251463421504,
    "eval_avg_precision_Word_Shift": 0.44093796556908893,
    "eval_avg_recall_Word_Shift": 0.5119670489865775,
    "eval_avg_f1_Word_Shift": 0.4714914974328498,
    "eval_precision_median_exact": 0.25925925925925924,
    "eval_recall_median_exact": 0.35714285714285715,
    "eval_f1_median_exact": 0.30434782608695654,
    "eval_precision_max_exact": 0.6071428571428571,
    "eval_recall_max_exact": 0.68,
    "eval_f1_max_exact": 0.6415094339622641,
    "eval_precision_min_Exact": 0.0,
    "eval_recall_min_Exact": 0.0,
    "eval_f1_min_Exact": 0.0,
    "eval_precision_min_Letter_Shift": 0.0,
    "eval_recall_min_Letter_Shift": 0.0,
    "eval_f1_min_Letter_Shift": 0.0,
    "eval_precision_min_Word_Level": 0.0,
    "eval_recall_min_Word_Level": 0.0,
    "eval_f1_min_Word_Level": 0.0,
    "eval_precision_min_Word_Shift": 0.06666666666666667,
    "eval_recall_min_Word_Shift": 0.07692307692307693,
    "eval_f1_min_Word_Shift": 0.07142857142857144,
    "eval_runtime": 1.8317,
    "eval_samples_per_second": 7.097,
    "eval_steps_per_second": 0.546
}